כותרת*,תיאור,שם הקורס,סוג,מספר שבוע,קישור,פרומפט לתמונה,טקסט לקריינות

# קורסים - בינה מלאכותית ואוטומציה
מדריך ChatGPT Masterclass,מדריך מקצועי מקיף לשימוש ב-ChatGPT - Prompt Engineering וכתיבה שיווקית,ChatGPT למתקדמים,document,1,https://bdnhost.net/Resources/guides/ai-automation/chatgpt_guide.html,A modern AI chatbot interface with glowing neural networks,שלום לתלמידים יקרים! היום נתחיל במסע מרתק לעולם ChatGPT. נלמד כיצד לכתוב פרומפטים מקצועיים ולהפיק תוכן איכותי
מבחן ChatGPT,מבחן אינטראקטיבי עם 10 שאלות אמריקאיות על יסודות ChatGPT,ChatGPT למתקדמים,lexicon,1,https://bdnhost.net/Resources/guides/ai-automation/chatgpt-quiz.html,A quiz interface with checkmarks and graduation cap,הגיע הזמן לבחון את עצמכם! המבחן מכיל 10 שאלות על החומר שלמדתם. בהצלחה!
מדריך Prompt Engineering,טכניקות מתקדמות לכתיבת פרומפטים אפקטיביים,Prompt Engineering,document,2,https://bdnhost.net/Resources/guides/ai-automation/prompt-engineering-guide.html,A creative prompt design with colorful text bubbles,ברוכים הבאים למדריך Prompt Engineering! נלמד טכניקות מתקדמות ליצירת פרומפטים שמניבים תוצאות מדהימות
אוסף Prompts,אוסף מקיף של פרומפטים מוכנים לשימוש במגוון תחומים,Prompt Engineering,lexicon,2,https://bdnhost.net/Resources/guides/ai-automation/prompts.html,A collection of ready-to-use prompts organized in folders,הכרתם את האוסף שלנו? מאות פרומפטים מוכנים לשימוש בתחומים שונים - קחו והשתמשו!
יסודות בינה מלאכותית,הבנת מושגי היסוד של AI ומודלים שונים,מבוא לבינה מלאכותית,document,1,https://bdnhost.net/Resources/guides/ai-automation/ai_basics.html,Artificial intelligence brain with digital connections,שלום! היום נצלול לעולם הבינה המלאכותית. נבין מהו AI ואיך הוא משנה את העולם שלנו
אתיקה בבינה מלאכותית,דילמות מוסריות ואחריות בשימוש ב-AI,מבוא לבינה מלאכותית,document,3,https://bdnhost.net/Resources/guides/ai-automation/ai_ethics.html,Ethical AI concept with balanced scales and technology,נושא קריטי - אתיקה ב-AI. נדבר על אחריות שלנו כמשתמשים ועל הדילמות המוסריות
הבנת LLMs,איך מודלי שפה גדולים עובדים - הסבר טכני,מבוא לבינה מלאכותית,document,4,https://bdnhost.net/Resources/guides/ai-automation/understanding-llms-how-it-works.html,Large language model architecture diagram,בואו נבין איך LLMs באמת עובדים מאחורי הקלעים. נצלול לטכנולוגיה המרתקת הזו
Transformers - סקירה,הבנת ארכיטקטורת Transformers במודלים מודרניים,מבוא לבינה מלאכותית,document,5,https://bdnhost.net/Resources/guides/ai-automation/transformers-overview.html,Transformer neural network architecture,Transformers הם המהפכה בעולם ה-AI. נבין את הארכיטקטורה שמאחורי המודלים המודרניים
AI Agentic למנהלים,שימוש ב-AI אוטונומי לניהול משימות,AI למנהלים,document,1,https://bdnhost.net/Resources/guides/ai-automation/agentic-ai-for-managers.html,AI agents managing business tasks autonomously,מנהלים יקרים! הכירו את עידן ה-Agentic AI - סוכנים חכמים שיעזרו לכם לנהל טוב יותר
אוטומציה ללא קוד,בניית מערכות אוטומציה ללא צורך בתכנות,אוטומציה ללא קוד,document,1,https://bdnhost.net/Resources/guides/ai-automation/no-code-automation-empire.html,No-code automation workflow with connected blocks,אין לכם ידע בתכנות? אין בעיה! נלמד לבנות אוטומציות מדהימות ללא שורת קוד אחת
בניית צ'אטבוט שירות,צ'אטבוט שירות לקוחות ללא קוד,אוטומציה ללא קוד,document,2,https://bdnhost.net/Resources/guides/ai-automation/no-code-customer-service-chatbot-building.html,Customer service chatbot interface,בואו נבנה צ'אטבוט שירות מקצועי! נראה איך ליצור עוזר אוטומטי ללקוחות שלכם
מחקר שוק אוטומטי,אוטומציה של תהליכי מחקר שוק באמצעות AI,מחקר שוק דיגיטלי,document,1,https://bdnhost.net/Resources/guides/ai-automation/ai-market-research-automation.html,Automated market research dashboard with graphs,מחקר שוק יכול להיות אוטומטי! נלמד איך AI יכול לעשות את העבודה הקשה בשבילכם
AI למורים,יישומים מקיפים של AI בחינוך,AI בחינוך,document,1,https://bdnhost.net/Resources/guides/ai-automation/guide-comprehensive-ai-applications-for-educators.html,Teachers using AI tools in modern classroom,מורים יקרים! גלו איך AI יכול לשנות את הכיתה שלכם ולהפוך אתכם לסופר-מורים
כלי AI למורים,מדריך לכלי AI ויישומים בחינוך,AI בחינוך,document,2,https://bdnhost.net/Resources/guides/creative-studio/ai-tools-and-applications-guide-for-education-professionals.html,Educational AI tools collection,אוסף הכלים המקיף ביותר למורים! כל מה שצריך להצלחה בכיתה הדיגיטלית

# קורסים - תכנות ופיתוח
מדריך Python,מדריך מקיף ללימוד Python מהיסודות,תכנות Python,document,1,https://bdnhost.net/Resources/guides/ai-automation/python_guide.html,Python programming language logo with code,שלום למתכנתים העתידיים! היום מתחילים את המסע בעולם Python - השפה הכי פופולרית
מבחן Python,מבחן אינטראקטיבי עם 10 שאלות על יסודות Python,תכנות Python,lexicon,5,https://bdnhost.net/Resources/guides/ai-automation/python-quiz.html,Python quiz with code snippets,הגיע הזמן לבדוק מה למדתם! מבחן של 10 שאלות על יסודות Python. קדימה!
Python לסטודנטים,מדריך Python מותאם לסטודנטים,תכנות Python,document,1,https://bdnhost.net/Resources/guides/ai-automation/python_guide4STUODENT.html,Students learning Python programming,סטודנטים יקרים! זה המדריך שלכם ללימוד Python בקצב שלכם
Web Scraping,גרידת נתונים מהרשת באמצעות Python,תכנות Python מתקדם,document,3,https://bdnhost.net/Resources/guides/ai-automation/web_scraping_guide.html,Web scraping visualization with data extraction,בואו נלמד איך לאסוף נתונים מהרשת! Web Scraping הוא כלי עוצמתי שכל מתכנת חייב להכיר
React למקצוענים,מדריך מתקדם לפיתוח עם React,פיתוח React,document,1,https://bdnhost.net/Resources/guides/ai-automation/react-pro-guide.html,React JavaScript library logo with components,ברוכים הבאים לעולם React! נלמד לבנות אפליקציות מודרניות ומהירות
Docker למתחילים,שימוש ב-Docker לניהול קונטיינרים,Docker ו-DevOps,document,1,https://bdnhost.net/Resources/guides/technology/docker-usage-guide.html,Docker containers and whale logo,Docker הוא המהפכה בעולם הפיתוח! נלמד איך להשתמש בקונטיינרים

# קורסים - ניתוח נתונים ועסקים
מדריך ניתוח נתונים,יסודות ניתוח נתונים וויזואליזציה,ניתוח נתונים,document,1,https://bdnhost.net/Resources/guides/data-business/data_analysis_guide.html,Data analysis dashboard with charts and graphs,היי אנליסטים עתידיים! נלמד איך להפוך נתונים למידע בעל ערך
מבחן ניתוח נתונים,מבחן אינטראקטיבי על יסודות ניתוח נתונים,ניתוח נתונים,lexicon,4,https://bdnhost.net/Resources/guides/data-business/data-analysis-quiz.html,Data analysis quiz with statistics symbols,זמן בדיקה! בחנו את עצמכם ב-10 שאלות על ניתוח נתונים
Excel לסטודנטים,מדריך Excel מקיף עם נוסחאות ופונקציות,Excel למתקדמים,document,1,https://bdnhost.net/Resources/guides/data-business/excel_student.html,Excel spreadsheet with formulas,Excel הוא הכלי החשוב ביותר! נלמד נוסחאות מתקדמות ופונקציות עוצמתיות
Power BI,ויזואליזציה ודוחות עסקיים עם Power BI,Power BI,document,1,https://bdnhost.net/Resources/guides/data-business/powerbi_guide.html,Power BI dashboard with interactive visualizations,Power BI מביא את הנתונים לחיים! נלמד ליצור דשבורדים מדהימים
SQL למתחילים,יסודות SQL ושאילתות מסדי נתונים,מסדי נתונים SQL,document,1,https://bdnhost.net/Resources/guides/data-business/sql_guide.html,SQL database query visualization,SQL הוא שפת הנתונים! נלמד לשאול שאלות ממסדי הנתונים
שיווק דיגיטלי,אסטרטגיות שיווק דיגיטלי מודרניות,שיווק דיגיטלי,document,1,https://bdnhost.net/Resources/guides/data-business/marketing_guide.html,Digital marketing funnel with social media,ברוכים הבאים לעולם השיווק הדיגיטלי! נלמד איך להגיע ללקוחות בעידן החדש
שיווק בווידאו קצר,אסטרטגיות לשיווק בסרטונים קצרים,שיווק דיגיטלי,document,2,https://bdnhost.net/Resources/guides/data-business/short-video-marketing-strategy.html,Short video marketing on mobile devices,וידאו קצר הוא המלך! נלמד איך ליצור תוכן ויראלי ב-TikTok Instagram ו-YouTube Shorts

# קורסים - עיצוב ויצירתיות
Canva למתחילים,עיצוב גרפי מקצועי ללא ניסיון קודם,Canva ועיצוב,document,1,https://bdnhost.net/Resources/guides/creative-studio/canva_guide.html,Canva design interface with templates,גלו את העיצוב שבכם! Canva הופך כל אחד למעצב מקצועי
UI/UX Design,עקרונות עיצוב ממשק וחוויית משתמש,עיצוב UI/UX,document,1,https://bdnhost.net/Resources/guides/creative-studio/ui_ux_guide.html,Modern UI/UX design wireframes,עיצוב טוב הוא לא רק יופי - זו חוויה! נלמד את עקרונות ה-UI/UX
עריכת וידאו,מדריך לעריכת וידאו מקצועית,עריכת וידאו,document,1,https://bdnhost.net/Resources/guides/creative-studio/video_editing_guide.html,Video editing timeline with clips,זמן להפוך לעורך וידאו! נלמד טכניקות מקצועיות ליצירת סרטונים מדהימים
Midjourney לשיווק,יצירת תמונות שיווקיות עם Midjourney,AI לעיצוב,document,1,https://bdnhost.net/Resources/guides/creative-studio/midjourney-for-marketing-visuals.html,AI-generated marketing visuals,Midjourney משנה את משחק העיצוב! נלמד ליצור תמונות שיווקיות מדהימות
עיצוב מכני,יסודות עיצוב מכני ו-CAD,עיצוב מכני,document,1,https://bdnhost.net/Resources/guides/creative-studio/mechanical_design_guide.html,3D CAD mechanical design,העולם הפיזי פוגש את הדיגיטלי! נלמד עיצוב מכני מודרני
תכנות יצירתי לילדים,Micro:bit - תכנות ופרויקטים לילדים,Micro:bit לילדים,document,1,https://bdnhost.net/Resources/guides/creative-studio/creative-coding-for-kids-microbit.html,Kids programming with Micro:bit device,ילדים יקרים! בואו ללמוד תכנות בדרך הכי כיפית - עם Micro:bit

# קורסים - קריירה ופיתוח אישי
הכנה לקריירה,הכנה לראיונות עבודה וקריירה טכנולוגית,פיתוח קריירה,document,1,https://bdnhost.net/Resources/guides/career/career_prep.html,Professional career preparation concept,הקריירה שלכם מתחילה כאן! נכין אתכם להצלחה בעולם התעסוקה
בניית תיק עבודות,יצירת תיק עבודות דיגיטלי מרשים,פיתוח קריירה,document,2,https://bdnhost.net/Resources/guides/career/building-impressive-digital-portfolio.html,Impressive digital portfolio showcase,תיק עבודות טוב הוא הכרטיס שלכם להצלחה! נלמד לבנות פורטפוליו מנצח
מיומנויות מצגת,הכנה ומסירה של מצגות מקצועיות,פיתוח קריירה,document,3,https://bdnhost.net/Resources/guides/career/presentation_skills.html,Professional presentation skills,מצגת טובה יכולה לשנות הכל! נלמד להציג בצורה מקצועית ומשכנעת

# קורסים - יסודות דיגיטליים
אוריינות דיגיטלית,יסודות השימוש במחשב ובאינטרנט,יסודות מחשב,document,1,https://bdnhost.net/Resources/guides/digital-basics/digital_literacy_basics_guide.html,Digital literacy concept with computer,צעדים ראשונים בעולם הדיגיטלי! נלמד את היסודות החשובים ביותר
יסודות האינטרנט,הבנת האינטרנט ושימוש בטוח ברשת,יסודות מחשב,document,2,https://bdnhost.net/Resources/guides/digital-basics/internet_basics.html,Internet connectivity globe,האינטרנט הוא העולם שלנו! נלמד איך להשתמש בו בצורה נכונה ובטוחה
ניהול קבצים,ארגון וניהול קבצים ותיקיות,יסודות מחשב,document,3,https://bdnhost.net/Resources/guides/digital-basics/file-management.html,File management system organization,סדר הוא הכל! נלמד לנהל ולארגן את הקבצים שלנו
Terminal למתחילים,שימוש בטרמינל ושורת פקודה,כלי פיתוח,document,1,https://bdnhost.net/Resources/guides/digital-basics/terminal_guide.html,Command line terminal interface,הטרמינל הוא כלי העל! נלמד לעבוד עם שורת הפקודה כמו מקצוענים
GitHub למתחילים,שימוש ב-Git ו-GitHub לניהול קוד,כלי פיתוח,document,2,https://bdnhost.net/Resources/guides/digital-basics/github_guide.html,GitHub version control workflow,GitHub הוא הבית של הקוד! נלמד ניהול גרסאות ועבודה שיתופית
כתיבת קורות חיים,יצירת קורות חיים מקצועיים,פיתוח קריירה,document,1,https://bdnhost.net/Resources/guides/digital-basics/cv_guide.html,Professional CV document,קורות חיים טובים פותחים דלתות! נלמד לכתוב CV שמושך תשומת לב
חשיבה אלגוריתמית,פיתוח חשיבה לוגית ופתרון בעיות,יסודות תכנות,document,1,https://bdnhost.net/Resources/guides/digital-basics/algorithmic_thinking.html,Algorithm flowchart diagram,חשיבה אלגוריתמית היא הבסיס! נלמד לפתור בעיות בצורה מסודרת
מדריך EduManage,שימוש במערכת EduManage לניהול למידה,EduManage,document,1,https://bdnhost.net/Resources/guides/digital-basics/edumanage-resource-edumanage-guide.html,EduManage LMS platform interface,הכירו את EduManage - המערכת שתלווה אתכם בכל הדרך!

# קורסים - טכנולוגיה מתקדמת
IoT - אינטרנט של דברים,הבנת IoT ופרויקטים חכמים,IoT,document,1,https://bdnhost.net/Resources/guides/technology/iot_guide.html,IoT connected devices network,העולם החכם הוא כאן! נלמד על אינטרנט של דברים ואיך הוא משנה את חיינו
טכנולוגיה רכב,טכנולוגיות מתקדמות ברכב,רכב חכם,document,1,https://bdnhost.net/Resources/guides/technology/automotive_guide.html,Advanced automotive technology,הרכב של העתיד! גלו את הטכנולוגיות המהפכניות בתעשיית הרכב

# קורסים מובנים
קורס Algebra למתחילים - מבוא,מבוא לקורס אלגברה למתחילים,אלגברה למתחילים,presentation,1,https://bdnhost.net/Resources/courses/algebra-beginners/index.html,Algebra mathematics symbols,ברוכים הבאים לקורס האלגברה! נלמד את היסודות המתמטיים החשובים
קורס Algebra - שיעור 1,משוואות לינאריות ופתרונן,אלגברה למתחילים,document,1,https://bdnhost.net/Resources/courses/algebra-beginners/lesson-1.html,Linear equations on blackboard,שיעור ראשון - משוואות לינאריות! הבסיס של כל האלגברה
קורס Algebra - שיעור 2,משתנים ופעולות אלגבריות,אלגברה למתחילים,document,2,https://bdnhost.net/Resources/courses/algebra-beginners/lesson-2.html,Algebraic variables and operations,שיעור שני - משתנים! נלמד לעבוד עם x ו-y
קורס Algebra - שיעור 3,פולינומים ופירוק לגורמים,אלגברה למתחילים,document,3,https://bdnhost.net/Resources/courses/algebra-beginners/lesson-3.html,Polynomial factoring,שיעור שלישי - פולינומים! מתמטיקה מתקדמת יותר
קורס Algebra - שיעור 4,פונקציות וגרפים,אלגברה למתחילים,document,4,https://bdnhost.net/Resources/courses/algebra-beginners/lesson-4.html,Function graphs on coordinate plane,שיעור רביעי - פונקציות! נראה איך מתמטיקה הופכת לויזואלית
קורס Algebra - שיעור 5,משוואות ריבועיות,אלגברה למתחילים,document,5,https://bdnhost.net/Resources/courses/algebra-beginners/lesson-5.html,Quadratic equations formula,שיעור חמישי - משוואות ריבועיות! הפסגה של הקורס

קורס Terminal Windows - מבוא,מבוא לטרמינל Windows,Terminal Windows,presentation,1,https://bdnhost.net/Resources/courses/basic-windows-terminal/index.html,Windows terminal command prompt,ברוכים הבאים לעולם הטרמינל של Windows!
קורס Terminal Windows - שיעור 1,פקודות בסיסיות בטרמינל,Terminal Windows,document,1,https://bdnhost.net/Resources/courses/basic-windows-terminal/lesson-1.html,Basic terminal commands,שיעור ראשון - הפקודות הבסיסיות שכל אחד חייב להכיר
קורס Terminal Windows - שיעור 2,ניווט במערכת הקבצים,Terminal Windows,document,2,https://bdnhost.net/Resources/courses/basic-windows-terminal/lesson-2.html,File system navigation,שיעור שני - איך לנווט בקבצים דרך הטרמינל
קורס Terminal Windows - שיעור 3,ניהול קבצים ותיקיות,Terminal Windows,document,3,https://bdnhost.net/Resources/courses/basic-windows-terminal/lesson-3.html,File management operations,שיעור שלישי - ניהול קבצים מתקדם
קורס Terminal Windows - שיעור 4,תהליכים ושירותים,Terminal Windows,document,4,https://bdnhost.net/Resources/courses/basic-windows-terminal/lesson-4.html,System processes and services,שיעור רביעי - נלמד על תהליכים ושירותים במערכת
קורס Terminal Windows - שיעור 5,סקריפטים ואוטומציה,Terminal Windows,document,5,https://bdnhost.net/Resources/courses/basic-windows-terminal/lesson-5.html,Batch scripts automation,שיעור חמישי - אוטומציה עם סקריפטים!

קורס ניהול ענן - מבוא,מבוא לניהול שירותי ענן,ניהול ענן,presentation,1,https://bdnhost.net/Resources/courses/cloud-management/index.html,Cloud computing infrastructure,ברוכים הבאים לעולם הענן! נלמד ניהול שירותים בענן
קורס ניהול ענן - שיעור 1,יסודות Cloud Computing,ניהול ענן,document,1,https://bdnhost.net/Resources/courses/cloud-management/lesson-1.html,Cloud computing basics,שיעור ראשון - מהו ענן ולמה הוא חשוב
קורס ניהול ענן - שיעור 2,שירותי IaaS PaaS SaaS,ניהול ענן,document,2,https://bdnhost.net/Resources/courses/cloud-management/lesson-2.html,Cloud service models,שיעור שני - מודלי השירות השונים בענן
קורס ניהול ענן - שיעור 3,ניהול משאבים בענן,ניהול ענן,document,3,https://bdnhost.net/Resources/courses/cloud-management/lesson-3.html,Cloud resource management,שיעור שלישי - איך לנהל משאבים ביעילות
קורס ניהול ענן - שיעור 4,אבטחה בענן,ניהול ענן,document,4,https://bdnhost.net/Resources/courses/cloud-management/lesson-4.html,Cloud security protection,שיעור רביעי - אבטחה קריטית בענן
קורס ניהול ענן - שיעור 5,אופטימיזציה ועלויות,ניהול ענן,document,5,https://bdnhost.net/Resources/courses/cloud-management/lesson-5.html,Cloud cost optimization,שיעור חמישי - חיסכון בעלויות ואופטימיזציה

קורס ניהול קבצים - מבוא,מבוא לניהול קבצים ותיקיות,ניהול קבצים,presentation,1,https://bdnhost.net/Resources/courses/file-management/index.html,File organization system,ברוכים הבאים לקורס ניהול קבצים! סדר הוא הכל
קורס ניהול קבצים - שיעור 1,מבנה תיקיות,ניהול קבצים,document,1,https://bdnhost.net/Resources/courses/file-management/lesson-1.html,Folder structure hierarchy,שיעור ראשון - איך לבנות מבנה תיקיות נכון
קורס ניהול קבצים - שיעור 2,שמות קבצים וארגון,ניהול קבצים,document,2,https://bdnhost.net/Resources/courses/file-management/lesson-2.html,File naming conventions,שיעור שני - שמות קבצים ועקרונות ארגון
קורס ניהול קבצים - שיעור 3,גיבוי ושחזור,ניהול קבצים,document,3,https://bdnhost.net/Resources/courses/file-management/lesson-3.html,Backup and recovery,שיעור שלישי - גיבוי חשוב! נלמד איך להגן על הקבצים
קורס ניהול קבצים - שיעור 4,שיתוף ושיתוף פעולה,ניהול קבצים,document,4,https://bdnhost.net/Resources/courses/file-management/lesson-4.html,File sharing collaboration,שיעור רביעי - שיתוף קבצים עם אחרים
קורס ניהול קבצים - שיעור 5,עבודה עם ענן,ניהול קבצים,document,5,https://bdnhost.net/Resources/courses/file-management/lesson-5.html,Cloud storage integration,שיעור חמישי - שילוב עם שירותי ענן

קורס Google Colab - מבוא,מבוא ל-Google Colab ו-Jupyter,Google Colab,presentation,1,https://bdnhost.net/Resources/courses/google-colab/index.html,Google Colab notebook interface,ברוכים הבאים ל-Google Colab! תכנות בענן חינם
קורס Google Colab - שיעור 1,הכרת הממשק,Google Colab,document,1,https://bdnhost.net/Resources/courses/google-colab/lesson-1.html,Colab interface walkthrough,שיעור ראשון - הכרת הממשק של Colab
קורס Google Colab - שיעור 2,תאי קוד וטקסט,Google Colab,document,2,https://bdnhost.net/Resources/courses/google-colab/lesson-2.html,Code and markdown cells,שיעור שני - עבודה עם תאים שונים
קורס Google Colab - שיעור 3,ספריות ונתונים,Google Colab,document,3,https://bdnhost.net/Resources/courses/google-colab/lesson-3.html,Libraries and data import,שיעור שלישי - ייבוא ספריות ועבודה עם נתונים
קורס Google Colab - שיעור 4,ויזואליזציה,Google Colab,document,4,https://bdnhost.net/Resources/courses/google-colab/lesson-4.html,Data visualization plots,שיעור רביעי - יצירת גרפים וויזואליזציות
קורס Google Colab - שיעור 5,שיתוף ושמירה,Google Colab,document,5,https://bdnhost.net/Resources/courses/google-colab/lesson-5.html,Sharing and saving notebooks,שיעור חמישי - שיתוף ושמירת עבודות

קורס HTML CSS JS - מבוא,מבוא לפיתוח Web,פיתוח Web,presentation,1,https://bdnhost.net/Resources/courses/html-css-js/index.html,Web development HTML CSS JavaScript,ברוכים הבאים לפיתוח Web! נלמד HTML CSS ו-JavaScript
קורס HTML CSS JS - שיעור 1,יסודות HTML,פיתוח Web,document,1,https://bdnhost.net/Resources/courses/html-css-js/lesson-1.html,HTML structure tags,שיעור ראשון - HTML הוא השלד של האתר
קורס HTML CSS JS - שיעור 2,עיצוב עם CSS,פיתוח Web,document,2,https://bdnhost.net/Resources/courses/html-css-js/lesson-2.html,CSS styling properties,שיעור שני - CSS מוסיף יופי לאתר
קורס HTML CSS JS - שיעור 3,JavaScript בסיסי,פיתוח Web,document,3,https://bdnhost.net/Resources/courses/html-css-js/lesson-3.html,JavaScript code basics,שיעור שלישי - JavaScript מוסיף חיים!
קורס HTML CSS JS - שיעור 4,DOM ואירועים,פיתוח Web,document,4,https://bdnhost.net/Resources/courses/html-css-js/lesson-4.html,DOM manipulation events,שיעור רביעי - אינטראקציה עם המשתמש
קורס HTML CSS JS - שיעור 5,פרויקט מעשי,פיתוח Web,document,5,https://bdnhost.net/Resources/courses/html-css-js/lesson-5.html,Complete web project,שיעור חמישי - בואו נבנה אתר שלם!

קורס Micro:bit - מבוא,מבוא לתכנות עם Micro:bit,Micro:bit,presentation,1,https://bdnhost.net/Resources/courses/microbit/index.html,Micro:bit device programming,ברוכים הבאים לעולם ה-Micro:bit! תכנות מהנה
קורס Micro:bit - שיעור 1,הכרת הלוח,Micro:bit,document,1,https://bdnhost.net/Resources/courses/microbit/lesson-1.html,Micro:bit board components,שיעור ראשון - הכירו את ה-Micro:bit
קורס Micro:bit - שיעור 2,תכנות בלוקים,Micro:bit,document,2,https://bdnhost.net/Resources/courses/microbit/lesson-2.html,Block programming interface,שיעור שני - תכנות עם בלוקים
קורס Micro:bit - שיעור 3,חיישנים ותצוגה,Micro:bit,document,3,https://bdnhost.net/Resources/courses/microbit/lesson-3.html,Sensors and LED display,שיעור שלישי - חיישנים והתצוגה
קורס Micro:bit - שיעור 4,פרויקטים אינטראקטיביים,Micro:bit,document,4,https://bdnhost.net/Resources/courses/microbit/lesson-4.html,Interactive Micro:bit projects,שיעור רביעי - פרויקטים מגניבים!
קורס Micro:bit - שיעור 5,משחקים ואתגרים,Micro:bit,document,5,https://bdnhost.net/Resources/courses/microbit/lesson-5.html,Micro:bit games challenges,שיעור חמישי - יצירת משחקים!

קורס המיליונר - מבוא,מבוא לבניית עסק אונליין,עסקים אונליין,presentation,1,https://bdnhost.net/Resources/courses/millionaire-guide/index.html,Online business millionaire success,ברוכים הבאים למסע להצלחה! בואו לבנות עסק אונליין
קורס המיליונר - שיעור 1,מציאת הנישה,עסקים אונליין,document,1,https://bdnhost.net/Resources/courses/millionaire-guide/lesson-1.html,Finding business niche market,שיעור ראשון - מציאת הנישה שלכם
קורס המיליונר - שיעור 2,בניית מותג,עסקים אונליין,document,2,https://bdnhost.net/Resources/courses/millionaire-guide/lesson-2.html,Building brand identity,שיעור שני - בניית המותג שלכם
קורס המיליונר - שיעור 3,שיווק ומכירות,עסקים אונליין,document,3,https://bdnhost.net/Resources/courses/millionaire-guide/lesson-3.html,Marketing and sales strategies,שיעור שלישי - שיווק ומכירות מנצחות
קורס המיליונר - שיעור 4,גידול והרחבה,עסקים אונליין,document,4,https://bdnhost.net/Resources/courses/millionaire-guide/lesson-4.html,Business growth scaling,שיעור רביעי - איך להגדיל את העסק
קורס המיליונר - שיעור 5,אוטומציה והצלחה,עסקים אונליין,document,5,https://bdnhost.net/Resources/courses/millionaire-guide/lesson-5.html,Business automation success,שיעור חמישי - אוטומציה והצלחה לטווח ארוך

קורס Excel חכם - מבוא,Excel עם AI ואוטומציה,Excel חכם,presentation,1,https://bdnhost.net/Resources/courses/smart-excel-ai/index.html,Smart Excel with AI,ברוכים הבאים ל-Excel החכם! AI פוגש גליונות
קורס Excel חכם - שיעור 1,נוסחאות חכמות,Excel חכם,document,1,https://bdnhost.net/Resources/courses/smart-excel-ai/lesson-1.html,Smart Excel formulas,שיעור ראשון - נוסחאות חכמות עם AI
קורס Excel חכם - שיעור 3,ניתוח נתונים אוטומטי,Excel חכם,document,3,https://bdnhost.net/Resources/courses/smart-excel-ai/lesson-3.html,Automated data analysis,שיעור שלישי - ניתוח נתונים אוטומטי
קורס Excel חכם - שיעור 4,ויזואליזציה דינמית,Excel חכם,document,4,https://bdnhost.net/Resources/courses/smart-excel-ai/lesson-4.html,Dynamic visualization,שיעור רביעי - ויזואליזציה דינמית מתקדמת
קורס Excel חכם - שיעור 5,אינטגרציה עם AI,Excel חכם,document,5,https://bdnhost.net/Resources/courses/smart-excel-ai/lesson-5.html,Excel AI integration,שיעור חמישי - שילוב AI בגיליונות

קורס Visual Studio - מבוא,מבוא ל-Visual Studio,Visual Studio,presentation,1,https://bdnhost.net/Resources/courses/visual-studio/index.html,Visual Studio IDE,ברוכים הבאים ל-Visual Studio! ה-IDE המקצועי
קורס Visual Studio - פרק 1,הכרת הממשק,Visual Studio,document,1,https://bdnhost.net/Resources/courses/visual-studio/chapter-1.html,Visual Studio interface,פרק ראשון - הכרת הממשק של Visual Studio
קורס Visual Studio - פרק 2,פרויקטים וקבצים,Visual Studio,document,2,https://bdnhost.net/Resources/courses/visual-studio/chapter-2.html,Projects and files management,פרק שני - ניהול פרויקטים וקבצים
קורס Visual Studio - פרק 3,דיבאג ובדיקות,Visual Studio,document,3,https://bdnhost.net/Resources/courses/visual-studio/chapter-3.html,Debugging and testing,פרק שלישי - דיבאג ובדיקות קוד
קורס Visual Studio - פרק 4,כלים מתקדמים,Visual Studio,document,4,https://bdnhost.net/Resources/courses/visual-studio/chapter-4.html,Advanced VS tools,פרק רביעי - כלים מתקדמים
קורס Visual Studio - פרק 5,פריסה ופרסום,Visual Studio,document,5,https://bdnhost.net/Resources/courses/visual-studio/chapter-5.html,Deployment and publishing,פרק חמישי - פריסה ופרסום אפליקציות

קורס ניהול קבצים Windows - מבוא,מבוא לניהול קבצים ב-Windows,ניהול קבצים Windows,presentation,1,https://bdnhost.net/Resources/courses/windows-file-management/index.html,Windows file management,ברוכים הבאים לניהול קבצים ב-Windows!
קורס ניהול קבצים Windows - שיעור 1,סייר הקבצים,ניהול קבצים Windows,document,1,https://bdnhost.net/Resources/courses/windows-file-management/lesson-1.html,File Explorer navigation,שיעור ראשון - סייר הקבצים של Windows
קורס ניהול קבצים Windows - שיעור 2,פעולות על קבצים,ניהול קבצים Windows,document,2,https://bdnhost.net/Resources/courses/windows-file-management/lesson-2.html,File operations copy move,שיעור שני - פעולות בסיסיות על קבצים
קורס ניהול קבצים Windows - שיעור 3,חיפוש וארגון,ניהול קבצים Windows,document,3,https://bdnhost.net/Resources/courses/windows-file-management/lesson-3.html,Search and organization,שיעור שלישי - חיפוש וארגון מתקדם
קורס ניהול קבצים Windows - שיעור 4,הרשאות ואבטחה,ניהול קבצים Windows,document,4,https://bdnhost.net/Resources/courses/windows-file-management/lesson-4.html,Permissions and security,שיעור רביעי - הרשאות ואבטחת קבצים
קורס ניהול קבצים Windows - שיעור 5,גיבוי ושחזור,ניהול קבצים Windows,document,5,https://bdnhost.net/Resources/courses/windows-file-management/lesson-5.html,Backup and recovery,שיעור חמישי - גיבוי ושחזור

קורס Terminal Windows מתקדם - מבוא,מבוא לטרמינל מתקדם,Terminal Windows מתקדם,presentation,1,https://bdnhost.net/Resources/courses/windows-terminal-advanced/index.html,Advanced Windows terminal,ברוכים הבאים לטרמינל מתקדם! עכשיו זה נהיה רציני
קורס Terminal Windows מתקדם - שיעור 1,PowerShell מתקדם,Terminal Windows מתקדם,document,1,https://bdnhost.net/Resources/courses/windows-terminal-advanced/lesson-1.html,PowerShell advanced scripting,שיעור ראשון - PowerShell מתקדם
קורס Terminal Windows מתקדם - שיעור 2,אוטומציה וסקריפטים,Terminal Windows מתקדם,document,2,https://bdnhost.net/Resources/courses/windows-terminal-advanced/lesson-2.html,Automation scripts,שיעור שני - אוטומציה וסקריפטים מורכבים
קורס Terminal Windows מתקדם - שיעור 3,ניהול מערכת,Terminal Windows מתקדם,document,3,https://bdnhost.net/Resources/courses/windows-terminal-advanced/lesson-3.html,System administration,שיעור שלישי - ניהול מערכת מתקדם
קורס Terminal Windows מתקדם - שיעור 4,רשת ותקשורת,Terminal Windows מתקדם,document,4,https://bdnhost.net/Resources/courses/windows-terminal-advanced/lesson-4.html,Network and communication,שיעור רביעי - פקודות רשת ותקשורת
קורס Terminal Windows מתקדם - שיעור 5,אבטחה ומעקב,Terminal Windows מתקדם,document,5,https://bdnhost.net/Resources/courses/windows-terminal-advanced/lesson-5.html,Security and monitoring,שיעור חמישי - אבטחה ומעקב מתקדמים
